{
	"image": "//default/tech.png",
	"text_color": [0.156862745, 0.768627451, 1.0],
	"disabled_text_color": [0.564705882, 0.564705882, 0.564705882],
	"resolution": 4,
	"regions": {
		"Button_normal": [[0.0, 0.0, 0.2, 0.2], [8, 8, 8, 8]],
		"Button_hover": [[0.2, 0.0, 0.2, 0.2], [8, 8, 8, 8]],
		"Button_click": [[0.4, 0.0, 0.2, 0.2], [8, 8, 8, 8]],
		"Button_disabled": [[0.6, 0.0, 0.2, 0.2], [8, 8, 8, 8]],
		"CheckBox_normal": [[0.0, 0.2, 0.2, 0.2], [8, 8, 8, 8]],
		"CheckBox_disabled": [[0.2, 0.2, 0.2, 0.2], [8, 8, 8, 8]],
		"CheckBox_Mark_normal": [[0.4, 0.2, 0.2, 0.2], [0, 0, 0, 0]],
		"CheckBox_Mark_disabled": [[0.6, 0.2, 0.2, 0.2], [0, 0, 0, 0]],
		"Slider_Thumb_normal": [[0.0, 0.4, 0.2, 0.2], [10, 10, 10, 10]],
		"Slider_Thumb_hover": [[0.2, 0.4, 0.2, 0.2], [10, 10, 10, 10]],
		"Slider_Thumb_click": [[0.4, 0.4, 0.2, 0.2], [10, 10, 10, 10]],
		"Slider_Thumb_disabled": [[0.6, 0.4, 0.2, 0.2], [10, 10, 10, 10]],
		"Slider_Track_normal": [[0.0, 0.6, 0.2, 0.2], [10, 10, 10, 10]],
		"Slider_Track_disabled": [[0.2, 0.6, 0.2, 0.2], [10, 10, 10, 10]],
		"TextBox_normal": [[0.0, 0.8, 0.2, 0.2], [8, 8, 8, 8]],
		"TextBox_hover": [[0.2, 0.8, 0.2, 0.2], [8, 8, 8, 8]],
		"TextBox_click": [[0.4, 0.8, 0.2, 0.2], [8, 8, 8, 8]],
		"TextBox_disabled": [[0.6, 0.8, 0.2, 0.2], [8, 8, 8, 8]],
		"TextBox_select": [[0.8, 0.8, 0.2, 0.2], [8, 8, 8, 8]],
		"Panel": [[0.4, 0.6, 0.2, 0.2], [8, 8, 8, 8]],
		"GroupBox": [[0.6, 0.6, 0.2, 0.2], [8, 8, 8, 8]],
		"DownArrow": [[0.8, 0.6, 0.1, 0.1], [0, 0, 0, 0]],
		"UpArrow": [[0.9, 0.6, 0.1, 0.1], [0, 0, 0, 0]],
		"Dot": [[0.8, 0.0, 0.1, 0.1], [0, 0, 0, 0]]
	}
}
